{"cameraMode":{"drawMode":0,"name":"Shaded","section":"Shading Mode"},"sceneLighting":false,"audioPlay":false,"sceneViewState":{"showFog":true,"showMaterialUpdate":false,"showSkybox":false,"showFlares":true,"showImageEffects":true,"showParticleSystems":true},"in2DMode":false,"pivot":{"x":-0.07889358699321747,"y":-0.021938741207122804,"z":-0.1388707160949707},"rotation":{"x":-0.017094654962420465,"y":0.9771744012832642,"z":-0.19331668317317964,"w":-0.08641043305397034},"size":1.0823357105255128,"orthographic":false}