{"cameraMode":{"drawMode":0,"name":"Shaded","section":"Shading Mode"},"sceneLighting":true,"audioPlay":false,"sceneViewState":{"showFog":true,"showMaterialUpdate":false,"showSkybox":true,"showFlares":true,"showImageEffects":true,"showParticleSystems":true},"in2DMode":false,"pivot":{"x":-17.308513641357423,"y":-4.507511138916016,"z":10.237720489501954},"rotation":{"x":-0.16429202258586884,"y":0.8350914716720581,"z":-0.3883712589740753,"w":-0.353267639875412},"size":61.170799255371097,"orthographic":false}