{"cameraMode":{"drawMode":0,"name":"Shaded","section":"Shading Mode"},"sceneLighting":false,"audioPlay":false,"sceneViewState":{"showFog":true,"showMaterialUpdate":false,"showSkybox":false,"showFlares":true,"showImageEffects":true,"showParticleSystems":true},"in2DMode":false,"pivot":{"x":24.43000030517578,"y":3.5250000953674318,"z":11.800000190734864},"rotation":{"x":-0.12386181205511093,"y":0.18111300468444825,"z":-0.02299998514354229,"w":-0.9753601551055908},"size":18.086322784423829,"orthographic":false}