{"cameraMode":{"drawMode":0,"name":"Shaded","section":"Shading Mode"},"sceneLighting":true,"audioPlay":false,"sceneViewState":{"showFog":true,"showMaterialUpdate":false,"showSkybox":true,"showFlares":true,"showImageEffects":true,"showParticleSystems":true},"in2DMode":false,"pivot":{"x":-9.2610502243042,"y":-29.10280990600586,"z":-19.397907257080079},"rotation":{"x":-0.0259595587849617,"y":0.9296386241912842,"z":-0.36144155263900759,"w":-0.06677006185054779},"size":112.73514556884766,"orthographic":false}