{"cameraMode":{"drawMode":0,"name":"Shaded","section":"Shading Mode"},"sceneLighting":false,"audioPlay":false,"sceneViewState":{"showFog":true,"showMaterialUpdate":false,"showSkybox":false,"showFlares":true,"showImageEffects":true,"showParticleSystems":true},"in2DMode":false,"pivot":{"x":3.659916400909424,"y":1.2731285095214844,"z":26.18999671936035},"rotation":{"x":0.043005552142858508,"y":0.9470693469047546,"z":-0.28397083282470705,"w":0.14342524111270905},"size":15.09329605102539,"orthographic":false}