{"cameraMode":{"drawMode":0,"name":"Shaded","section":"Shading Mode"},"sceneLighting":false,"audioPlay":false,"sceneViewState":{"showFog":true,"showMaterialUpdate":false,"showSkybox":false,"showFlares":true,"showImageEffects":true,"showParticleSystems":true},"in2DMode":false,"pivot":{"x":-0.08682683110237122,"y":0.3565995395183563,"z":0.11786669492721558},"rotation":{"x":-0.09697163850069046,"y":0.9023474454879761,"z":0.314823180437088,"w":0.27794256806373598},"size":0.914463222026825,"orthographic":false}