{"cameraMode":{"drawMode":0,"name":"Shaded","section":"Shading Mode"},"sceneLighting":true,"audioPlay":false,"sceneViewState":{"showFog":true,"showMaterialUpdate":false,"showSkybox":true,"showFlares":true,"showImageEffects":true,"showParticleSystems":true},"in2DMode":false,"pivot":{"x":17.608383178710939,"y":-1.315664291381836,"z":10.098804473876954},"rotation":{"x":-0.09313593804836273,"y":0.9002714157104492,"z":-0.23786616325378419,"w":-0.35250067710876467},"size":13.57459545135498,"orthographic":false}