{"cameraMode":{"drawMode":0,"name":"Shaded","section":"Shading Mode"},"sceneLighting":false,"audioPlay":false,"sceneViewState":{"showFog":true,"showMaterialUpdate":false,"showSkybox":false,"showFlares":true,"showImageEffects":true,"showParticleSystems":true},"in2DMode":false,"pivot":{"x":7.450580596923828e-9,"y":-7.450580596923828e-9,"z":0.010231412947177887},"rotation":{"x":-0.034204840660095218,"y":0.9040002226829529,"z":-0.07366655021905899,"w":-0.4197462797164917},"size":0.9906963109970093,"orthographic":false}