{"cameraMode":{"drawMode":0,"name":"Shaded","section":"Shading Mode"},"sceneLighting":false,"audioPlay":false,"sceneViewState":{"showFog":true,"showMaterialUpdate":false,"showSkybox":false,"showFlares":true,"showImageEffects":true,"showParticleSystems":true},"in2DMode":false,"pivot":{"x":-43.48057556152344,"y":-12.907857894897461,"z":68.03311157226563},"rotation":{"x":-0.036184098571538928,"y":0.9622258543968201,"z":-0.1605319082736969,"w":-0.2168910801410675},"size":37.47688293457031,"orthographic":false}