{"cameraMode":{"drawMode":0,"name":"Shaded","section":"Shading Mode"},"sceneLighting":false,"audioPlay":false,"sceneViewState":{"showFog":true,"showMaterialUpdate":true,"showSkybox":false,"showFlares":true,"showImageEffects":true,"showParticleSystems":true},"in2DMode":false,"pivot":{"x":-54.53980255126953,"y":-8.754599571228028,"z":109.65390014648438},"rotation":{"x":-0.1550053358078003,"y":0.4948676824569702,"z":-0.09021759033203125,"w":-0.8502588868141174},"size":37.48503494262695,"orthographic":false}