{"cameraMode":{"drawMode":0,"name":"Shaded","section":"Shading Mode"},"sceneLighting":false,"audioPlay":false,"sceneViewState":{"showFog":true,"showMaterialUpdate":false,"showSkybox":false,"showFlares":true,"showImageEffects":true,"showParticleSystems":true},"in2DMode":false,"pivot":{"x":171.42652893066407,"y":23.44308090209961,"z":102.59849548339844},"rotation":{"x":-0.017673859372735025,"y":0.8309646248817444,"z":-0.026443306356668474,"w":-0.5554154515266419},"size":239.8229217529297,"orthographic":false}