{"cameraMode":{"drawMode":0,"name":"Shaded","section":"Shading Mode"},"sceneLighting":true,"audioPlay":false,"sceneViewState":{"showFog":true,"showMaterialUpdate":true,"showSkybox":true,"showFlares":true,"showImageEffects":true,"showParticleSystems":true},"in2DMode":false,"pivot":{"x":-1.629852533340454,"y":1.4199997186660767,"z":28.495628356933595},"rotation":{"x":0.5188769102096558,"y":-0.043557532131671908,"z":0.026487747207283975,"w":0.8533275723457336},"size":11.406103134155274,"orthographic":false}