{"cameraMode":{"drawMode":0,"name":"Shaded","section":"Shading Mode"},"sceneLighting":true,"audioPlay":false,"sceneViewState":{"showFog":true,"showMaterialUpdate":false,"showSkybox":true,"showFlares":true,"showImageEffects":true,"showParticleSystems":true},"in2DMode":false,"pivot":{"x":5.587935447692871e-9,"y":3.120762586593628,"z":1977.314697265625},"rotation":{"x":-0.11086810380220413,"y":0.06315932422876358,"z":-0.007060830947011709,"w":-0.9918010830879211},"size":4877.3095703125,"orthographic":false}