{"cameraMode":{"drawMode":0,"name":"Shaded","section":"Shading Mode"},"sceneLighting":false,"audioPlay":false,"sceneViewState":{"showFog":true,"showMaterialUpdate":false,"showSkybox":false,"showFlares":true,"showImageEffects":true,"showParticleSystems":true},"in2DMode":false,"pivot":{"x":1.440133810043335,"y":-0.07179632782936096,"z":-4.985385894775391},"rotation":{"x":0.06794178485870362,"y":0.8869531154632568,"z":-0.1384165734052658,"w":0.43536078929901125},"size":0.7859532237052918,"orthographic":false}