{"cameraMode":{"drawMode":0,"name":"Shaded","section":"Shading Mode"},"sceneLighting":false,"audioPlay":false,"sceneViewState":{"showFog":true,"showMaterialUpdate":false,"showSkybox":false,"showFlares":true,"showImageEffects":true,"showParticleSystems":true},"in2DMode":false,"pivot":{"x":4.599915981292725,"y":1.8931286334991456,"z":7.179996013641357},"rotation":{"x":0.043005552142858508,"y":0.9470693469047546,"z":-0.28397083282470705,"w":0.14342524111270905},"size":16.549213409423829,"orthographic":false}